<?xml version="1.0" encoding="UTF-8"?>
<beans xmlns="http://www.springframework.org/schema/beans"
	xmlns:xsi="http://www.w3.org/2001/XMLSchema-instance"
	xmlns:context="http://www.springframework.org/schema/context"
	xmlns:p="http://www.springframework.org/schema/p"
	xsi:schemaLocation="http://www.springframework.org/schema/beans
	https://www.springframework.org/schema/beans/spring-beans-3.0.xsd
		http://www.springframework.org/schema/context
		https://www.springframework.org/schema/context/spring-context-3.0.xsd">

	<description>Example configuration to get you started.</description>

	<context:component-scan base-package="com.exe.springJdbcTemplate" />
	
	<bean id="customDAO" class="com.exe.springJdbcTemplate.CustomDAO">
		<property name="dataSource" ref="dataSource"/>
	</bean>
	
	<bean id="customDAO2" class="com.exe.springJdbcTemplate.CustomDAO2">
		<property name="jdbcTemplate" ref="jdbcTemplate"/>
		<property name="namedJdbcTemplate" ref="namedParameterJdbcTemplate"/>
	</bean>
	
	<bean id="jdbcTemplate" class="org.springframework.jdbc.core.JdbcTemplate">
		<constructor-arg ref="dataSource"/>
	</bean>
	
	<bean id="namedParameterJdbcTemplate" class="org.springframework.jdbc.core.namedparam.NamedParameterJdbcTemplate">
		<constructor-arg ref="dataSource"/>
	</bean>
	
	<bean id="dataSource" class="org.apache.commons.dbcp.BasicDataSource" 
		  destroy-method="close"
		  p:driverClassName="oracle.jdbc.driver.OracleDriver" 
		  p:url="jdbc:oracle:thin:@localhost:1521:xe" 
		  p:username="suzi" 
		  p:password="a123"/>
		  
		  
</beans>
