<?xml version="1.0" encoding="UTF-8"?>
<!DOCTYPE mapper
PUBLIC "-//mybatis.org//DTD Mapper 3.0//EN"
"http://mybatis.org/dtd/mybatis-3-mapper.dtd">

<mapper namespace="com.spring.boot.mapper.UsersMapper">
<!--  로그인 처리  -->
<select id="login" parameterType="com.spring.boot.dto.LoginDTO" resultType="com.spring.boot.dto.LoginDTO">
	select userId, userPwd, userName from users 
	where userId = #{userId, jdbcType=VARCHAR} and userPwd = #{userPwd, jdbcType=VARCHAR}
</select>

<!--  회원가입  -->
<insert id="write">
	insert into users(userNo, userId, userPwd, userName, userEmail, userAddr,
	userTel, gender, birth) values (users_seq.nextval,
	#{userId, jdbcType=VARCHAR},#{userPwd, jdbcType=VARCHAR},
	#{userName, jdbcType=VARCHAR}, #{userEmail, jdbcType=VARCHAR},
	#{userAddr, jdbcType=VARCHAR}, #{userTel, jdbcType=VARCHAR},
	#{userGender, jdbcType=VARCHAR}, #{userBirth, jdbcType=VARCHAR})
</insert>

<!--  아이디 중복체크  -->
<select id="userIdChk" parameterType="com.spring.boot.dto.LoginDTO" resultType="Integer">
	select count(*) from users where userId = #{userId, jdbcType=VARCHAR}
</select>

<select id="nameCheck"  parameterType="com.spring.boot.dto.LoginDTO" resultType="integer">
	select count(*) from users where userName=#{userName}
</select>

<!-- 마이페이지 정보 불러오기 -->
<select id="getReadData" parameterType="int" resultType="com.spring.boot.dto.UsersDTO">
	select userNo,userId,userName,userPwd,gender,
	userAddr,birth,userTel,userEmail from users where userNo=#{userNo}
</select>

<select id="getDataCount" parameterType="hashMap" resultType="int">
		select nvl(count(*), 0) from users
		where ${searchKey} like '%' || #{searchValue} || '%'
</select>

	<select id="getList" parameterType="map" resultType="com.spring.boot.dto.UsersDTO">
		select*from(
		select rownum rnum, data.* from(
		select userNo, userId, userPwd, userName, userEmail,
		userAddr, userTel, userGender, userBirth 
		from users where ${searchKey} like '%' || #{searchValue} || '%'
		order by userNo desc) data)
	<![CDATA[
		where rnum>=#{start} and rnum<=#{end}
	]]>
	</select>
	
	<update id="updateData" parameterType="com.spring.boot.dto.UsersDTO">
		update users set
	#{userId, jdbcType=VARCHAR}, #{userPwd, jdbcType=VARCHAR},
	#{userName, jdbcType=VARCHAR}, #{userEmail, jdbcType=VARCHAR},
	#{userAddr, jdbcType=VARCHAR}, #{userTel, jdbcType=VARCHAR},
	#{userGender, jdbcType=VARCHAR}, #{userBirth, jdbcType=VARCHAR}
	where userNo=#{userNo}
	</update>
</mapper>