<?xml version="1.0" encoding="UTF-8"?>
<!DOCTYPE mapper
PUBLIC "-//mybatis.org//DTD Mapper 3.0//EN"
"http://mybatis.org/dtd/mybatis-3-mapper.dtd">

<mapper namespace="com.spring.boot.mapper.UsersMapper">
<!--  로그인 처리  -->
<select id="login" parameterType="com.spring.boot.dto.UsersDTO" resultType="com.spring.boot.dto.UsersDTO"> 
	select userNo, userId, userPwd, userName, userEmail, userAddr, 
	userTel, userGender, userBirth from users where userId = #{userId} and userPwd = #{userPwd} 
</select>
<!--  회원가입  -->
<insert id="write"> 
	insert into users(userNo, userId, userPwd, userName, userEmail, userAddr, 
	userTel, userGender, userBirth) values (users_seq.nextval,#{userId},#{userPwd},#{userName},
	#{userEmail},#{userAddr},#{userTel},#{userGender},#{userBirth}) 
</insert>
<!--  아이디 중복체크  -->
<select id="userIdChk" parameterType="com.spring.boot.dto.UsersDTO" resultType="Integer"> 
	select count(*) from users where userId = #{userId} 
</select>

<!--  아이디 찾기 -->
<select id="findUserId" parameterType="com.spring.boot.dto.UsersDTO" resultType="com.spring.boot.dto.UsersDTO">
select userId from users where userName = #{userName}
and userEmail = #{userEmail}
</select>

<!--  비밀번호 찾기 -->
<select id="findUserPwd" parameterType="com.spring.boot.dto.UsersDTO" resultType="com.spring.boot.dto.UsersDTO">
select userPwd from users where userId = #{userId}
and userEmail = #{userEmail}
</select>

<!-- 마이페이지 정보 불러오기 -->
<select id="getReadData" parameterType="int" resultType="com.spring.boot.dto.UsersDTO">
	select userNo,userId,userName,userPwd,userGender,
	userAddr,userBirth,userTel,userEmail from users where userNo=#{userNo}
</select>

<select id="getDataCount" parameterType="hashMap" resultType="int">
		select nvl(count(*), 0) from users
		where ${searchKey} like '%' || #{searchValue} || '%'
</select>

<select id="memberModifyGET" resultType="com.spring.boot.dto.UsersDTO" parameterType="String">
		select userNo, userId, userPwd, userName, userEmail,
		userAddr, userTel, userGender, to_char(userBirth, 'YYYY-MM-DD') userBirth 
		from users where userId=#{userId}
</select>

<update id="memberModifyPOST" parameterType="com.spring.boot.dto.UsersDTO">
    update users set
   
    userId=#{userId, jdbcType=VARCHAR},
	userPwd=#{userPwd, jdbcType=VARCHAR},
	userName=#{userName, jdbcType=VARCHAR}, userEmail=#{userEmail, jdbcType=VARCHAR},
	userAddr=#{userAddr, jdbcType=VARCHAR}, userTel=#{userTel, jdbcType=VARCHAR},
	userBirth=#{userBirth, jdbcType=VARCHAR},
	userGender=#{userGender, jdbcType=VARCHAR}
  
	where userId=#{userId}
	
 </update>


	<select id="getList" parameterType="map" resultType="com.spring.boot.dto.UsersDTO">
		select*from(
		select rownum rnum, data.* from(
		select userNo, userId, userPwd, userName, userEmail,
		userAddr, userTel, userGender, to_char(userBirth, 'YYYY-MM-DD') userBirth 
		from users where ${searchKey} like '%' || #{searchValue} || '%'
		order by userNo desc) data)
	<![CDATA[
		where rnum>=#{start} and rnum<=#{end}
	]]>
	</select>
	
	<update id="updateData" parameterType="com.spring.boot.dto.UsersDTO">
	update users set userId=#{userId, jdbcType=VARCHAR},
	userPwd=#{userPwd, jdbcType=VARCHAR},
	userName=#{userName, jdbcType=VARCHAR}, userEmail=#{userEmail, jdbcType=VARCHAR},
	userAddr=#{userAddr, jdbcType=VARCHAR}, userTel=#{userTel, jdbcType=VARCHAR},
	userGender=#{userGender, jdbcType=VARCHAR}
	where userNo=#{userNo}
	</update>
	
	<update id="update_mypage" parameterType="com.spring.boot.dto.UsersDTO">
	update users set userId=#{userId, jdbcType=VARCHAR},
	userPwd=#{userPwd, jdbcType=VARCHAR},
	userName=#{userName, jdbcType=VARCHAR}, userEmail=#{userEmail, jdbcType=VARCHAR},
	userAddr=#{userAddr, jdbcType=VARCHAR}, userTel=#{userTel, jdbcType=VARCHAR},
	userGender=#{userGender, jdbcType=VARCHAR}
	where userNo=#{userNo}
	</update>
</mapper>