<?xml version="1.0" encoding="UTF-8"?>
<beans xmlns="http://www.springframework.org/schema/beans"
	xmlns:xsi="http://www.w3.org/2001/XMLSchema-instance"
	xmlns:context="http://www.springframework.org/schema/context"
	xmlns:p="http://www.springframework.org/schema/p"
	xsi:schemaLocation="http://www.springframework.org/schema/beans
	https://www.springframework.org/schema/beans/spring-beans-3.0.xsd
		http://www.springframework.org/schema/context
		https://www.springframework.org/schema/context/spring-context-3.0.xsd">

	<description>Example configuration to get you started.</description>

	<context:component-scan base-package="com.exe.springmybatis" />
	
	<bean id="customDAO" class="com.exe.springmybatis.CustomDAO">
		<property name="sessionTemplate" ref="sessionTemplate"/>
	</bean>
	
	<bean id="sessionTemplate" class="org.mybatis.spring.SqlSessionTemplate">
		<constructor-arg ref="sessionFactory"></constructor-arg>
	</bean>
	
	<bean id="sessionFactory" class="org.mybatis.spring.SqlSessionFactoryBean">
		<property name="dataSource" ref="dataSource"/>
		<property name="configLocation" value="classpath:/com/exe/springmybatis/mybatis-config.xml"/>
	</bean>
	
	<bean id="dataSource" class="org.apache.commons.dbcp.BasicDataSource" 
		  destroy-method="close"
		  p:driverClassName="oracle.jdbc.driver.OracleDriver" 
		  p:url="jdbc:oracle:thin:@localhost:1521:xe" 
		  p:username="suzi" 
		  p:password="a123"/>
		  
		  
</beans>
