<?xml version="1.0" encoding="UTF-8"?>
<beans xmlns="http://www.springframework.org/schema/beans"
	xmlns:xsi="http://www.w3.org/2001/XMLSchema-instance"
	xmlns:context="http://www.springframework.org/schema/context"
	xsi:schemaLocation="http://www.springframework.org/schema/beans
	https://www.springframework.org/schema/beans/spring-beans-3.0.xsd
		http://www.springframework.org/schema/context
		https://www.springframework.org/schema/context/spring-context-3.0.xsd">

	<description>Example configuration to get you started.</description>

	<context:component-scan base-package="*" />
	
	<bean id="message" class="com.exe.springdi3.MessageKr"/>
	
	<bean id="serviceConsumer" class="com.exe.springdi4.ServiceConsumer" autowire="byName">
		<constructor-arg ref="messageService"/>
		<!-- <property name="timeService" ref="timeService"/> -->
		<!-- <property name="jobService" ref="jobService"/> -->
	</bean>
	
	<bean id="messageService" class="com.exe.springdi4.MyMessageService"/>
	<bean id="timeService" class="com.exe.springdi4.MyTimeService"/>
	<bean id="jobService" class="com.exe.springdi4.MyJobService"/>
	
	
	
</beans>
